{"cameraMode":{"drawMode":0,"name":"Shaded","section":"Shading Mode"},"sceneLighting":true,"audioPlay":false,"sceneViewState":{"showFog":false,"showMaterialUpdate":false,"showSkybox":false,"showFlares":false,"showImageEffects":false,"showParticleSystems":false},"in2DMode":false,"pivot":{"x":28.852802276611329,"y":-10.028823852539063,"z":71.52611541748047},"rotation":{"x":0.39412882924079897,"y":0.14246663451194764,"z":-0.06198786944150925,"w":0.9058274030685425},"size":104.98816680908203,"orthographic":false}