{"cameraMode":{"drawMode":0,"name":"Shaded","section":"Shading Mode"},"sceneLighting":true,"audioPlay":false,"sceneViewState":{"showFog":false,"showMaterialUpdate":false,"showSkybox":false,"showFlares":false,"showImageEffects":false,"showParticleSystems":false},"in2DMode":false,"pivot":{"x":697.7899780273438,"y":3.059999942779541,"z":181.0},"rotation":{"x":-0.1393537074327469,"y":0.005047960206866264,"z":-0.0007103136740624905,"w":-0.990229606628418},"size":26.55423927307129,"orthographic":false}